,0
cos_2880.0_2,2598304.364816197
Wind_speed_expanding_std,4845150.915816626
NetLoad,3767540.7891517566
hour_cos,3899325.771111862
NetLoad_lag_1440min,3525270.1726035275
NetLoadewm_std_expanding.win,3234150.355274526
T_out_weighted_96_mean,3226026.3562942417
T_out_window_16_std,3515714.5626977286
Wind_speed_window_8_mean,3470188.917959208
NetLoad_lag_1425min,3195170.307861934
NetLoad_lag_1395min,3221545.284721403
Irradiance,3199526.6572153266
T_out_lag_735min,3440882.0873047537
Wind_speed_lag_1395min,3492337.8874830725
NetLoad_lag_855min,3444807.039527139
T_out_lag_1335min,2791539.669122715
NetLoad_ewm_mean_expanding.win,3033220.213326828
NetLoad_lag_870min,2931152.4855318773
Irradiance_lag_15min,2849319.0522665046
NetLoad_window_16_mean,3137256.718586142
Wind_speed_lag_1185min,2954483.3885219977
Irradiance_lag_1260min,2855683.04215829
T_out_Exp_weighted_96_SL.win,2810941.757286387
Irradiance_lag_1440min,2784592.8620663285
Irradiance_lag_510min,3028570.9135218277
Irradiance_lag_1410min,2912055.301344696
Irradiance_lag_630min,2977473.5790456007
Wind_speed_lag_1305min,2916218.267771235
NetLoad_lag_1305min,2789388.8681213935
Wind_speed_window_8_std,2751313.6030600686
T_out_lag_420min,2835770.8404918984
T_out_lag_285min,3012847.556800961
NetLoad_lag_750min,2973433.6702310145
NetLoad_window_2_mean,2835418.5677247327
Wind_speed_lag_1245min,2937793.138727084
NetLoad_lag_1410min,2876012.622661343
Wind_speed_lag_1365min,2984522.94841426
Wind_speed_lag_1275min,2932838.4336616388
Irradiance_window_2_std,2917687.709760052
Irradiance_window_2_mean,2886554.056442418
NetLoad_lag_1320min,2728151.378123027
NetLoad_Exp_weighted_96_SL.win,2818817.557392349
NetLoad_lag_975min,2664509.5076008476
T_out_lag_1275min,2745267.0597171495
NetLoad_lag_135min,2974203.735275315
T_out_lag_1380min,3047222.4322829354
sin_2880.0_2,2770154.647187111
T_out_lag_1350min,2959807.879759057
Wind_speed_lag_735min,2885925.9911343167
Wind_speed_lag_900min,3069720.544082799
NetLoad_lag_495min,2975882.8109560735
hour,3044563.436113031
T_out_window_4_std,2956899.158897153
Irradiance_lag_375min,2764043.7812504256
Wind_speed_lag_780min,2835103.194162104
Wind_speed_lag_1425min,2793105.662266214
T_out_lag_1365min,2821866.7749690623
Irradiance_lag_90min,2919548.1664964715
NetLoad_lag_765min,2935600.312132107
NetLoad_window_4_std,2788763.1330573997
T_out_lag_1140min,2785403.430664073
Irradiance_lag_195min,2702673.7554557836
NetLoad_lag_45min,2807724.5515091605
NetLoad_lag_1275min,2849030.8129004226
Wind_speed_lag_510min,3011323.51430827
NetLoad_lag_75min,3067612.1723351115
T_out_window_8_std,2916410.613204525
Irradiance_lag_645min,2928237.8356552976
Irradiance_lag_885min,2902794.996663863
NetLoad_lag_1080min,2945905.039414218
Wind_speed_lag_480min,2983767.9875185955
NetLoad_window_8_mean,2958047.2425059984
NetLoad_lag_450min,2825756.3613703353
Irradiance_lag_165min,2872839.3211619356
NetLoad_lag_225min,2893485.931599051
Irradiance_lag_690min,2913696.6470075515
Wind_speed_window_4_mean,2790991.2380094035
NetLoad_lag_1350min,2849427.0115996236
Wind_speed_lag_375min,2859542.691495721
Wind_speed_lag_420min,2780694.8228005157
Wind_speed_lag_1410min,2774581.501102661
Irradiance_window_4_mean,2809059.0502316933
NetLoad_lag_1065min,2862894.301561477
NetLoad_lag_375min,2701996.3288627984
NetLoad_lag_930min,2617079.172806407
NetLoad_lag_15min,2704880.3899636785
T_out_lag_660min,2749428.3044757782
NetLoad_lag_885min,2630859.664734559
Wind_speed,2500665.130298526
NetLoad_lag_675min,2568771.85785932
NetLoad_lag_195min,2717095.577170271
T_out_lag_150min,2919052.419494537
NetLoad_lag_60min,2877028.8366891528
Wind_speed_window_4_std,2720146.4365665214
T_out_lag_540min,2782266.933525957
Irradiance_lag_495min,2647973.7569574486
Irradiance_lag_855min,2572362.5109497095
NetLoad_lag_360min,3009411.8583881315
Irradiance_lag_585min,2726497.3061582744
NetLoad_lag_960min,2639622.681179603
Wind_speed_lag_285min,2822914.942082785
Irradiance_Exp_weighted_96_SL.win,2788569.86746492
T_out_lag_435min,2727433.989847454
T_out_lag_180min,2741583.6163755897
Irradiance_lag_1350min,2640839.891770499
Wind_speed_lag_660min,2685468.7953673783
T_out_lag_240min,2801843.399811887
Irradiance_lag_135min,2803649.795158577
NetLoad_lag_405min,2721739.6229074206
Irradiance_lag_1395min,2768039.704530091
NetLoad_lag_810min,2737018.664593869
NetLoad_window_16_std,2749603.9290201217
Irradiance_lag_1335min,2883810.7920851847
Irradiance_lag_120min,2910448.3264654065
NetLoad_lag_1335min,2878797.186738435
NetLoad_lag_795min,2806485.5323123983
T_out_lag_315min,2527940.9338891194
Wind_speed_lag_405min,2951747.958035761
NetLoad_window_8_std,2671511.8973364052
NetLoad_lag_120min,2825435.8102085735
T_out_lag_1290min,2738276.488380116
NetLoad_lag_780min,2666943.9231241113
Wind_speed_lag_495min,2907609.617255925
Wind_speed_lag_825min,2840037.313156957
Irradiance_lag_450min,2700184.4261565367
Irradiance_lag_900min,2787398.0824333476
T_outewm_std_expanding.win,2830548.2199082226
Wind_speed_ewm_mean_expanding.win,2639571.0022064103
Wind_speed_lag_795min,2679366.3591420576
T_out_lag_195min,2955363.706419069
Irradiance_lag_30min,2906274.1488708877
T_out_lag_1200min,2724721.8762907446
hour_sin,2657765.0154740675
NetLoad_lag_1290min,2807679.0324611827
Wind_speed_lag_1440min,2606185.0566287623
Wind_speed_lag_810min,2627362.002686599
NetLoad_lag_180min,2584627.5104258764
T_out_lag_705min,2670630.2203336847
NetLoad_lag_1110min,2781925.699308402
NetLoad_lag_1365min,2837511.284453313
Wind_speed_lag_450min,2954842.661490634
Irradiance_window_4_std,2692774.463743278
Irradiance_lag_990min,2815782.7300104224
Wind_speed_lag_1290min,2763983.257766156
NetLoad_lag_1050min,2793161.8607669068
T_out_lag_375min,2319457.723895752
NetLoad_lag_825min,2373015.8224259606
Irradiance_lag_525min,2341922.883058413
T_out_lag_1185min,2513060.166416746
NetLoad_lag_1035min,2564553.483370734
Irradiance_window_8_std,2538364.9382179175
Irradiance_lag_420min,2504519.0903049326
T_out_lag_1320min,2502493.6297322675
T_out_lag_495min,2486681.8275638996
T_out_lag_675min,2735606.973052903
Wind_speed_lag_1200min,2745325.495372083
NetLoad_lag_1230min,2698774.3867999436
T_out_lag_450min,2686830.329416356
NetLoad_lag_330min,2466928.177558893
NetLoad_lag_660min,2582685.046189601
Irradiance_lag_105min,2724131.922786885
T_out_lag_1260min,2658764.9938582475
T_out_lag_390min,2612612.937150663
T_out_lag_255min,2602886.455220909
NetLoad_lag_1380min,2568760.3627513903
NetLoad_lag_240min,2569541.459637057
NetLoad_window_4_mean,2521380.8069712147
Wind_speed_lag_750min,2574572.9430474755
T_out_lag_345min,2582511.9942737147
T_out_lag_360min,2713243.4998273347
Irradiance_lag_1005min,2726246.2389818844
NetLoad_lag_1020min,2780532.513844267
Irradiance_lag_720min,2641016.4182673274
Irradiance_lag_705min,2738665.269099714
T_out_lag_690min,2729257.3665973092
NetLoad_window_2_std,2625665.5551008675
NetLoad_lag_1260min,2623125.6186376614
T_out_lag_405min,2508607.3808055576
T_out_lag_165min,2460649.5332691357
Wind_speed_lag_15min,2516624.3969475427
NetLoad_lag_435min,2613197.6644931333
NetLoad_lag_915min,2513449.975509134
Irradiance_lag_1155min,2581421.7949528187
NetLoad_lag_390min,2675991.2013560934
Wind_speed_lag_1380min,2542360.704620584
Irradiance_lag_660min,2697487.9236655044
Wind_speed_lag_840min,2570070.4976300243
Irradiance_lag_1275min,2532747.570117588
NetLoad_lag_210min,2717455.0366976443
T_out_lag_570min,2682257.5399562884
Wind_speed_lag_105min,2782263.7610043115
Wind_speed_lag_885min,2692007.312743888
Wind_speed_lag_465min,2753763.2700750493
Irradiance_lag_930min,2715019.7616744046
Irradiance_lag_1425min,2690266.1914631445
T_out_lag_270min,2751904.234145657
T_out_lag_1245min,2691081.646448704
Irradiance_lag_1305min,2812030.2501021693
Wind_speed_lag_1335min,2593605.95400473
NetLoad_lag_900min,2780965.188722198
Irradiance_lag_360min,2655836.662084842
Irradiance_lag_1365min,2700922.3350687386
NetLoad_lag_735min,2685662.839134341
Irradiance_lag_600min,2773405.672147182
Irradiance_lag_405min,2798112.7609860026
Irradiance_lag_1125min,2817745.836707646
Wind_speed_lag_855min,2859684.5438706325
NetLoad_lag_600min,2835818.1004322027
Wind_speed_lag_75min,2843342.9722658508
Wind_speed_lag_345min,2878528.1774718724
Irradiance_lag_1320min,2840201.495754486
NetLoad_lag_990min,2733679.74534089
NetLoad_lag_840min,2765789.4184181793
Irradiance_lag_975min,2903111.4236432826
Irradiance_lag_435min,2789548.1291465703
Irradiance_lag_675min,2807742.130440643
NetLoad_lag_540min,2990550.5907784887
Wind_speed_lag_330min,2733079.481584514
Wind_speed_lag_315min,2804707.567176406
NetLoad_lag_465min,2846660.490476691
NetLoad_lag_345min,2748285.103539886
Wind_speed_lag_645min,2870611.8052374376
NetLoad_lag_570min,2853606.494759782
Irradiance_lag_1290min,2843451.732789848
T_out_lag_330min,2838327.679642505
T_out_lag_600min,2867656.491892156
T_out_lag_555min,2800646.036439966
Irradiance_lag_960min,2812597.6084950725
Irradiance_lag_735min,2789624.998003645
Wind_speedewm_std_expanding.win,2750890.3626914667
Irradiance_ewm_mean_expanding.win,2722600.362920505
T_out_lag_1155min,2615598.4941916075
Irradiance_lag_465min,2653014.52647382
Wind_speed_lag_360min,2811799.677438368
T_out_lag_1215min,2748359.4489532458
Irradiance_lag_780min,2728086.1371512837
Wind_speed_lag_300min,2517320.1166429915
NetLoad_lag_555min,2573307.8810090707
NetLoad_lag_615min,2738275.8614515644
NetLoad_lag_150min,2756624.9648600454
T_out_lag_465min,2753345.8325478886
Irradiance_lag_480min,2649974.3650357816
Wind_speed_lag_30min,2734862.2907630256
Wind_speed_lag_600min,2688467.094427039
NetLoad_lag_1005min,2637037.279856033
NetLoad_lag_630min,2580997.8290009215
